{
    "master_centroid": [
        9.125848770141602,
        -1.074389100074768,
        -1.0913739204406738
    ],
    "master_axes": [
        0.23346441984176636,
        0.18032430112361908,
        0.1294625997543335
    ],
    "master_dims": [
        0.3968895375728607,
        0.3065513074398041,
        0.22008642554283142
    ],
    "master_rotation": [
        [
            -0.5899028182029724,
            0.8028979301452637,
            0.08584610372781754
        ],
        [
            -0.429171085357666,
            -0.2217007875442505,
            -0.8755917549133301
        ],
        [
            -0.6839786767959595,
            -0.5533567070960999,
            0.47536250948905945
        ]
    ],
    "axis1_threshold": 0.3448543846607208,
    "num_good_frames": 181
}